Desarrollador,ID_desarrollador
OVERDRIVE,1
Monte Cristo  Multimedia,2
Param,3
Zeroscale,4
5pb. Inc.,5
3Division,6
EA DICE,7
Cyber Planet Interactive,8
Independent Arts Software GmbH,9
Gas Powered Games,10
Fabio Ferrara,11
Aki Corp.,12
Quaint Emerald,13
,14
Mobius Entertainment,15
Bigmoon Entertainment,16
Garakuda Studio,17
Nighthawk Interactive,18
Creative Assembly,19
Heavy Iron Studios,20
Transhuman Design,21
EM Studios Limited,22
SkyRiver Studios,23
AQ Interactive,24
Box Clever Interactive,25
Eclipse Software,26
BioWare / LucasArts,27
Career Soft,28
Reflections Interactive,29
Pilgrim Adventures,30
System Prisma,31
Marionette,32
Keys Factory,33
Ubisoft Quebec,34
Digital Mayhem,35
SnapDragon Games,36
Rockstar Vancouver,37
PowPow,38
Team Soho,39
EA Vancouver,40
Game Freak,41
Takara Tomy,42
Nvizzio Creations,43
Tommo,44
Beamdog,45
Ukiyotei,46
Bongfish,47
Engine Software BV,48
Fast Travel Games,49
"Big Grub / Shiny Entertainment, Inc.",50
EA Pacific,51
Shin'en GmbH,52
Pumpkin Studios,53
Rockstar Leeds,54
Activision Value,55
Cyanide,56
Roll7,57
Game Sauce,58
KCEJ / Kojima Productions,59
Soliton,60
Bright Light Productions,61
MAGES. Inc.,62
Winky Soft,63
Hoget,64
Behaviour Interactive,65
WinkySoft,66
Dennaton Games,67
Starbreeze Studios/Tigon Studios,68
Ubisoft Barcelona / Inland Productions,69
Toby Fox,70
Broccoli,71
Incinerator Studios,72
Check Six Games,73
Pyro Studios,74
Virtuos Games,75
Darkworks,76
Game Design Sweden AB,77
Barnhouse Effect,78
Oberon Media,79
Slant Six Games,80
tri-Crescendo / Monolith Soft,81
Kaneko Co. Ltd,82
SEK Ost,83
Aqua Pacific,84
Russel,85
PuzzleKings,86
Lion's Shade,87
Noise Factory,88
KnowWonder,89
Compile Heart,90
Maxis,91
Program-Ace,92
Distinctive Developments Ltd,93
Shadow Planet Productions,94
Foundation 9,95
Toy Box,96
P2 Games,97
Firemint,98
Ignition Entertainment,99
Leaping Lizard Software Inc.,100
Sproing Interactive Media / Deep Silver Vienna,101
Climax Entertainment,102
Enix Corporation,103
XPEC Entertainment Inc.,104
Ion Storm,105
Micro Cabin,106
GSP,107
Smack Down Productions,108
Pandemic Studios,109
Double Damage Games,110
Hamster,111
Kylotonn,112
Epicenter Interactive,113
Small Rockets,114
Viva Media,115
Playboom,116
Game Arts / Seta Corporation,117
Asgard,118
Monolith Soft,119
EA?�Tiburon,120
Scitron & Art,121
SCEA San Diego Studios,122
h.a.n.d. Inc.,123
SCEE,124
Vicarious Visions,125
Game-life / Mad Monkey Studio,126
Monster Games,127
BioWare Corporation,128
Ignatus Zuk and Gonzalo Villagomez,129
B.B. Studio,130
Trion Worlds,131
Planet Entertainment,132
Game Republik,133
Natsume,134
Game Studio,135
Relic Entertainment,136
Clover Studio,137
Paragon 5,138
LightBox Interactive,139
Giorgi Abelashvili,140
Digital?�Eclipse,141
Toka,142
NEC Interchannel,143
Midway,144
Sandbox,145
System Soft Alpha,146
SVG Distribution,147
imageepoch Inc.,148
Magic Rings,149
Anchor Entertainment,150
Hiromi,151
Focus Multimedia,152
Hitmaker,153
Lucky Chicken Games,154
Brain in a Jar,155
Shade,156
Genius Sonority Inc.,157
Ape Studios / HAL Laboratory / Brownie Brown,158
Square Enix,159
Telesys,160
Paradigm Entertainment,161
AWE Games,162
Blam!,163
Ruby Party,164
Black Lantern Studios,165
Touchdown Entertainment,166
Elf,167
Melesta,168
"Lightweight Co.,Ltd.",169
Destructive Creations,170
Stardock,171
Proletariat Inc.,172
SCEE Cambridge,173
Eurocom?�Entertainment?�Software,174
Team Tachyon,175
Taito Corporation,176
Ubisoft Barcelona,177
Anima Games Studio,178
Playful Corp.,179
Next Level Games,180
Cat5Games,181
Key,182
Triple Eh?,183
Warhorse Studios,184
Tornado Studios,185
Warashi,186
Syrox Developments,187
Hopelite Research,188
The EDGE Interactive,189
Granzella,190
Mouldy Toof Studios,191
KING Art Games,192
Gadget Soft,193
Imadio,194
Magic Pixel Games,195
Racdym,196
ASC Games,197
Denton Designs,198
Neverland Company,199
Labyrinthine,200
Volatile Games,201
THQ Australia Studios Pty Ltd.,202
Top Heavy Studios,203
Triangle Studios,204
Vridge Inc.,205
Shoeisha,206
Firehazard Studio,207
Starfish SD,208
3d6 Games,209
Nihilistic Software,210
AlienTrap Games,211
NEW?�Corporation,212
Tetragon,213
Ubisoft San Francisco,214
CrazyBunch,215
Tecmo / Graphic Research,216
Noise Inc.,217
Yukie's Osaka,218
Secret Level,219
Gaijin Games Inc.,220
Men-A-Vision,221
Bossa Studios,222
Blast Games,223
GlyphX Games,224
Video System,225
JForce Games,226
Crawfish Interactive - Climax,227
Climax Group,228
Hypnotix,229
Atomic Motion,230
Panic Button Games Inc.,231
HammerHead Ltd.,232
Shogakukan,233
Konami Software Shanghai,234
SCEA Bend Studio,235
Trilobyte,236
Ubisoft Vancouver,237
Osiris Studios,238
TEAM HORAY,239
Curious Pictures,240
DreamRift,241
Venom Games,242
ArenaNet,243
Blue Byte Studio,244
Bohemia Interactive,245
Ape Studios / HAL Laboratory,246
Amuze,247
Seven45 Studios,248
EA Redwood Shores,249
Red Line Studios,250
Probe Entertainment,251
Nintendo / TNX,252
Zo?� Mode,253
Capcom Production Studio 1,254
TOSE,255
Eidos Interactive,256
SNK Corporation,257
BioWare / Demiurge Studios,258
Blueshift,259
Virtual Toys / Lexis Numerique,260
Telenet Japan / Wolteam,261
Bandai Namco,262
Starsphere Interactive,263
Forever Entertainment S.A.,264
Vertigo Gaming Inc.,265
Nintendo IRD,266
Daito,267
Wicked Studios,268
Creations,269
Wargaming West,270
Capcom Production Studio 1 / TOSE Software,271
Climax Studios,272
Trine Games,273
Circle 5 Studios,274
Clockwork Games,275
Digital Integration,276
Vogster Entertainment,277
Autumn Moon Entertainment,278
WayForward Pocket Team,279
Bemani,280
WXP / Screenlife Games,281
"Alawar Entertainment, Inc.",282
Xseed Games,283
Gaijinworks,284
Arzest,285
Mikoishi,286
KCET,287
EuroVideo Medien,288
Amaze Entertainment,289
Idol Minds Digital,290
Axyos Games,291
49Games,292
Benesse,293
Microvision,294
Now Production,295
eGames/Techfront,296
Land Ho!,297
Destineer,298
Hokus Pokus,299
Studio Pixel,300
MLB Advanced Media,301
ZootFly,302
OneNine Studios,303
Twilight Frontier,304
Cranberry Production,305
D3Publisher,306
Jester Interactive,307
En Masse,308
Arc System Works,309
Lab Rats Games,310
Global Star Software,311
Visual Impact Productions,312
Spike / Bandai Namco Games,313
Big Park,314
thatgamecompany,315
"Livesay Technologies, Inc.",316
PopCap,317
Genius Sonority Inc./Eighting,318
Hack Berry,319
Boston Animation,320
Nexon,321
PawaPuro Production,322
Vision Media Engineering,323
Project ACES,324
Infogrames Melbourne,325
Rain Games,326
Neon,327
thumbfood Ltd.,328
Team Ninja,329
Classic Media Distribution Limited,330
Creat Studio,331
"Visual Concepts, Ltd.",332
Tomcat System,333
Koei Tecmo Games,334
Dorart,335
ASCII Entertainment,336
TimeGate,337
"Cing, Inc",338
Take 2 Interactive,339
skip Ltd.,340
Outrage Games,341
Hot Lava Games,342
Various,343
Le Cortex,344
Arkane Studios,345
Phoenix,346
Sarbakan Inc.,347
Dambuster Studios,348
Rayark Inc.,349
Gray Matter Inc.,350
Kalypso Media,351
Telltale Games,352
Clap Hanz,353
Mega Crit Games,354
Atelier-Sai,355
Blizzard North,356
Night Node Software,357
SIE Japan Studio,358
EA Bright Light,359
Rutubo Games,360
Route 1 Games,361
Microsoft,362
Athena,363
"Mesa Logic, Inc.",364
Flying Tiger Development,365
Dynamic Pixels,366
AlphaDream Corporation,367
Broadsword Interactive,368
MBL Research,369
Turtle Rock Studios,370
Eidos Hungary,371
Mosaic,372
Papaya Studio Corporation,373
JoWood Productions,374
Matt Roszak,375
WhiteMoon Dreams,376
Polyphony Digital,377
Glyphic Entertainment,378
NaturalMotion Games,379
Morgen Studios,380
Wizarbox Studios,381
Way Forward Technologies,382
Konami Computer Entertainment America,383
Sandblast Games,384
Quickdraw Developments Ltd.,385
Flight-Plan,386
Cyberlore Studios,387
Wadjet Eye Games,388
Iguana Entertainment,389
Shar Rock,390
Idea Pad,391
NA.P.S. Team SNC,392
Capcom / Dimps Corporation,393
Sensory Sweep,394
Nintendo R&D1,395
DMA Design,396
CyberConnect2,397
Infinite Machine,398
NeoCoreGames,399
Smart Dog,400
KID,401
Motivetime,402
Scholastic Interactive,403
HotGen Studios,404
Three Rings,405
Kamui,406
Neverland,407
EA Canada,408
Altron Corporation,409
Tryfirst,410
NetRevo,411
CAProduction,412
Starfish Inc.,413
Paon Corporation,414
5TH Cell,415
Firebrand Games,416
Naxat Soft,417
Neognosis,418
Brownie Brown,419
Ubisoft Montreal / Red Storm Entertainment,420
Mercury Steam,421
Birthday,422
D2C Games,423
7G//AMES,424
General Entertainment,425
Acclaim Studios Salt Lake City,426
Level 5/Studio Ghibli,427
Krome Studios / Screenlife Games,428
Rusty Lake,429
Square Enix / Bones,430
Majesco Games,431
Beast Studios S.r.l.,432
ProSoft,433
"Interworks Unlimited, Inc.",434
Power of 2,435
Graphic State,436
Red Fly Studio,437
City Interactive,438
Jellyvision,439
DK Games,440
Runic Games,441
Naked Sky,442
Realism Ltd,443
Giga,444
Mass Media,445
1C Company,446
Neuron Age,447
"ASK Co. Ltd., Ornith",448
Inti Creates,449
Super X Studios,450
Toys for Bob,451
Sanuk Games,452
Mojang AB,453
BugBear,454
Dan Walters,455
Milestone,456
Sony Computer Entertainment Japan,457
Mad Monkey Studio,458
Indie Built,459
Pitbull Syndicate,460
Bulkhead Interactive,461
Takuyo,462
Project Soul,463
Funcom,464
Quest Corporation,465
PROPE,466
Ice-pick Lodge,467
Funselektor Labs Inc.,468
Sushi Typhoon Games,469
Buzz Monkey,470
"Sega Studios, San Francisco",471
Harukaze,472
Wow Entertainment,473
EA Montreal,474
"Telegames, Inc.",475
Icy Studios,476
CUBETYPE,477
Tenky,478
Clever Beans / EPOS Game Studios,479
Goshow,480
Williams Entertainment,481
Beep Industries,482
Excalibur Publishing Limited,483
A-Max,484
X-ample,485
SAS Sakata,486
Terminal Reality,487
Media Entertainment,488
G.rev Ltd.,489
EA Tiburon,490
Titus Software,491
White Dog,492
Blue Fang Games,493
Team Destiny,494
Starfish  Inc.,495
Lobotomy Software,496
Team Silent,497
TechFront,498
UEP Systems,499
Core Design Ltd.,500
Mad Catz,501
Blue Tongue Entertainment,502
Robot Entertainment,503
Universal Gamex,504
Tamsoft Corporation,505
Pivotal Games,506
Shockwave Productions,507
Angel Studios,508
Grip Games,509
Aisystem Tokyo,510
Mystic Software,511
Skipmore,512
Colossal Order,513
Zed Two Limited,514
Master Creating,515
Reloaded Productions,516
Origin Systems,517
Compulsion Games,518
Splash Damage,519
Nippon Telenet,520
exozet games,521
Haemimont Games,522
Venan Entertainment / Cashmere Productions,523
Playbox Limited,524
Rodeo Games,525
Silent Software Inc.,526
Neon Studios,527
"Page 44 Studios, LLC",528
Team Bondi,529
SunSoft,530
Guerrilla Games,531
"Realtime Associates, Inc.",532
Gaslamp Games,533
Metro,534
Red Hook Studios,535
WolfgangIs,536
GAIA,537
United Game Artists,538
Midas Interactive Entertainment,539
KCE Sapporo,540
Blue Byte,541
Allicorn Games,542
Mistwalker Corporation / Feelplus Inc.,543
Activision,544
Aspect,545
Press Start Inc.,546
Creative Mesh,547
Team GrisGris,548
Tragnarion Studios,549
Q Entertainment,550
Nintendo R&D2,551
Nintendo EAD / Retro Studios,552
Ostrich Banditos,553
Time Warner Interactive,554
BudCat Games,555
Mobile 21,556
Spike Co.,557
Kuusou Kagaku,558
5 Bits Games,559
Smilebit,560
TYO,561
Weappy Studio,562
"Mossmouth, LLC",563
Tigon,564
Game Titan,565
Loose Cannon Studios,566
Capcom?�Production?�Studio?�1,567
Midway Games West,568
Image & Form Games,569
Terrible Posture Games,570
Helixe / Altron,571
Metanet Software Inc.,572
Light,573
Deep Red Games,574
Triternion,575
Games Workshop,576
Pendulo Studio,577
Jaleco Entertainment,578
Culture Brain,579
Blazing Lizard,580
Killer Game,581
EA Digital Illusions CE,582
Giants Software,583
Black Sea Studios,584
Koei Canada,585
Take-Two Interactive,586
Nurijoy,587
Lavaboots Studios,588
SUPERHOT Team,589
Climax Group / ImaginEngine,590
Bit Blot,591
4HEAD Studios,592
Free Lives Games,593
Sucker Punch Productions,594
Kure,595
Sennari Interactive,596
Climax Group Inc.,597
Toadman Interactive,598
Level 5,599
Nordic Games,600
Aquaplus,601
Anchor Bay Entertainment,602
Wired Productions,603
QUICKTEQUILA,604
Dodge Roll,605
Team6 Game Studio,606
Sting,607
Foundation 9 Entertainment,608
3 O'Clock,609
Byking,610
Net Corporation,611
Klei Entertainment,612
Adrenalin Interactive,613
Sony Computer Entertainment,614
GN Software,615
Colibri Games,616
SCEE London Studio,617
Tri-Crescendo,618
Digital Embryo,619
EA Japan Studio,620
Eighting/Raizing,621
Probe Entertainment Limited,622
Tamsoft,623
Atlus Co. / Lancarse,624
Punchline / Shirogumi,625
Metro3D,626
Blacklight Interactive,627
Xing Entertainment,628
Harmonix Music Systems,629
Two Tribes,630
Nintendo R&D1 / Intelligent Systems,631
Strawdogs Studios Limited,632
Genterprise,633
Black Ship Games,634
Human Soft,635
KCE Studios,636
ArtwareGames Inc.,637
"Creatures, Inc.",638
Katauri Interactive,639
Funbox Media,640
Hyde,641
Factor 5,642
Digitial Creations,643
777 Studios,644
RIZ Inc.,645
Nihon Bussan,646
Nintendo SPD Group No.1,647
Fucom,648
Fall Line Studio,649
Full-Fat,650
Bergsala Lightweight,651
MoaCube,652
Day 1 Studios,653
Quadro Delta,654
Slippery Snake Studios,655
Alvion Inc.,656
CtrlMovie,657
Magellan Interactive,658
Wizard Video Games,659
Extended Play Productions,660
Parker Bros,661
KSS,662
Hit Maker,663
Game Atelier,664
Robomodo / Buzz Monkey Software,665
Darkling Room,666
Virgin Interactive,667
Cunning Developments,668
"YGGDRAZIL GROUP CO.,LTD",669
Realtime Worlds,670
Artificial?�Mind?�&?�Movement,671
The Pitbull?�Syndicate?�Limited,672
id Software / Raven Software,673
Axis Entertainment,674
Turn 10 Studio,675
Unique Development Studios Sweden,676
Vanpool,677
Nordcurrent,678
Smart Bomb Interactive,679
Capcom Entertainment,680
SingleTrac,681
Shiver Games,682
The Gentlebros,683
Matatabi,684
Ntreev Soft,685
Midway Studios Austin,686
Powerhoof,687
Midway Studios  Austin,688
Al,689
3G Studios,690
Incognito Entertainment,691
Will,692
Chime,693
Supergonk,694
Idol Minds,695
A1 Games,696
Milestone S.r.l.,697
Flying Lab Software,698
Art,699
Kazakov Oleg,700
Choice Provisions,701
Tripwire Interactive,702
@unepic_fran,703
Acclaim?�Studios?�Austin,704
"Imagineer Co., Ltd.",705
Good-Feel,706
Youda Games,707
Psygnosis,708
1C:Ino-Co,709
Looking Glass Studios,710
13AM Games,711
Psikyo,712
Bitmap Brothers,713
Teotl Studios,714
kChamp Games,715
Neocore Games,716
Her Interactive,717
Luxoflux Corp.,718
Isopod Labs,719
Intense,720
"in-glove Co., ltd",721
MuuMuu,722
ShanBlue,723
Kerberos Productions,724
Escape,725
Judo Baby,726
Just For Fun Studios,727
Sculptured Software,728
Silver Dollar Games,729
C's Ware,730
"The Neverhood, Inc.",731
2SD,732
Leviathan Games,733
Pyramid,734
Jaleco,735
Krome Studios,736
Crystal Dynamics,737
Rebellion Games,738
"BeeWorks Co., Ltd",739
Novarama,740
dtp entertainment AG,741
XPEC Entertainment,742
Backbone Emeryville,743
Gears for Breakfast,744
"CyberPlanet Interactive Public Co., Ltd.",745
Novotrade International,746
Sorath,747
"IronNos Co., Ltd.",748
Dimps Corporation / Sonic Team,749
Big Fish Games,750
"extreme Co.,Ltd.",751
SilverBirch Studios,752
Dreams,753
Vivid Image,754
Delta Factory,755
"Ikusabune Inc. / Positron Co., Ltd",756
Behold Studios,757
Maximum Games,758
GRC,759
Neurostone,760
Millennium Interactive,761
Real Dynamics,762
I'Max,763
Sunflowers Interactive,764
Kush Games,765
zSlide,766
David OReilly,767
Neversoft,768
The Mustard Corporation,769
Asmik Ace Entertainment,770
Team Indev,771
Monochrome Corporation,772
Untold Games,773
Swordfish Studios,774
"Machatin, Inc.",775
Toy Box Studios,776
Digital Kids,777
Team17 Software,778
Cryptic Studios,779
Zen Studios,780
Phenomedia,781
Iceflake Studios,782
Awesome Play Ltd.,783
The Farm 51,784
Virtuacraft,785
Laminar Research,786
Astragon,787
Ice Flames,788
AQUA STYLE,789
Sonnet,790
Bongfish GmbH,791
Agate Studio,792
Revolution Software Ltd.,793
Agatsuma Entertainment,794
Odenis Studio,795
Akella,796
TU Wien,797
Sluggerfly,798
Tilted Mill Entertainment,799
Related Designs,800
LSP,801
Mistwalker Corporation / Artoon,802
Destination,803
Midway Studios Los Angeles,804
Carbine Studios,805
Zipper Interactive,806
Gray Matter Studios / Nerve Software,807
Crytek,808
Kinelco|Lone Elk Creative,809
MachineGames,810
Gorilla Games,811
Black Rock Studio,812
AKI Corporation / EA Canada,813
Micronics,814
Tequila Works,815
Interplay,816
Dunhill Electronic Media Corp,817
MAGES,818
SCE,819
Sick Puppies,820
M2,821
Deep Silver,822
Milestone S.r.l,823
Scarab,824
Flying Tiger Entertainment,825
Anchor,826
Thomas Happ Games,827
Plato,828
HAL Laboratory,829
Square,830
AOne Games,831
Ecole,832
Darkblack,833
Bullfrog Productions,834
8ing/Raizing,835
Pathea Games,836
EC Interactive,837
Team17 Software / Two Tribes,838
GameMill,839
38 Studios,840
Gaijin Games,841
Ubisoft Nagoya,842
Media Factory,843
Konami,844
PENCIL,845
Acclaim Studios Cheltenham,846
Engine Software,847
Priority Interrupt,848
Bethesda Game Studios,849
Sproing Interactive Media,850
"Flagship Co., Ltd. / Nintendo EAD",851
Peace,852
Prograph,853
Navarre Corporation,854
WayForward,855
Golgoth Studio,856
n-Space,857
Eden Games,858
Capcom,859
Glaiel Games,860
Double Tap,861
Anino Entertainment,862
Hypnos,863
Piranha Bytes,864
Zoo Digital Publishing,865
Nude Maker,866
High Voltage Software / Ubisoft Paris,867
Monster Games Inc.,868
Art Corporation,869
Player 1,870
Sumo Digital,871
Creat Studios,872
BattleBorne,873
Yeti,874
Suzak,875
ZeniMax Online Studios,876
WXP,877
Humagade,878
Wolf Team,879
Dreamcatcher,880
Alternative Software,881
Chronic Logic,882
Hourences,883
"Webfoot Technologies, Inc.",884
OUAT Entertainment,885
Japan Art Media,886
LKA,887
Empire Oxford,888
N-Fusion Interactive Entertainment Corp.,889
Evolution Games,890
BushiRoad,891
SquareSoft,892
Zuxxez,893
Neversoft Entertainment / Rebellion,894
Vanillaware,895
Infinity,896
Zen Studios Inc.,897
"Will Co., Ltd. Noisycroak",898
Hello Games,899
Kadokawa Shoten,900
August,901
Impressions Games,902
"Sculptured Software, Inc.",903
ZOV GAME STUDIO,904
Princess Soft,905
team BitClub,906
Vridge,907
PagodaWest Games,908
Powerhead Games,909
Rockstar North,910
Dejobaan Games,911
Lupinus,912
Poponchi,913
LvivMedia,914
Red Storm Entertainment,915
Fluid Studios,916
Kalisto,917
Wish Studio,918
Techland,919
Point of View,920
BELUGA Computer Inc.,921
MagicWand,922
Everlasting Fantasy,923
Infusion Games Ltd,924
Longtail Studios,925
Uppercut Games,926
"Human Soft, Inc.",927
Q Entertainment / Phantagram,928
Bullet Proof Software,929
Virtuos / Game Source,930
Bizarre Creations,931
Santa Cruz Games,932
Dreams Interactive,933
Silver Wish Games,934
Sunight Games,935
Cat Daddy Games,936
Creatures Inc.,937
Fatshark,938
Cipher Prime,939
Sixteen Tons Entertainment,940
Scientifically Proven,941
RockNanoGlobal,942
Messhof,943
Flagship Studios,944
Square Enix / Think and Feel Inc.,945
Digital Illusions,946
Edmund McMillen,947
Polykid,948
Navarre Corp,949
Storm City Games,950
Kung Fu Factory,951
Historia,952
FreeStyle Games,953
Dorasu,954
Zachtronics Industries,955
Bethesda Softworks,956
La'cryma,957
Konami Computer Entertainment Tokyo,958
Big Ape Productions,959
Agenda,960
Nerjyzed Entertainment,961
Creative Core,962
"Konami Digital Entertainment, Inc.",963
"Williams Electronic Games, Inc.",964
Capcom Production Studio 2,965
Megadev,966
Talking Stick Games,967
Ready at Dawn Studios,968
Capcom Production Studio 6,969
Frogwares,970
Gorilla Systems,971
Cauldron,972
RedLynx,973
Magic Wand Productions,974
Zindagi Games,975
Omega Force / Koei Canada,976
Witch Craft,977
Lightning Fish,978
SCEA,979
California Seven Studios,980
Hopoo Games,981
Tomy Corporation,982
Tiwak SAS,983
JAKKS Pacific,984
Lesley Dodd,985
Deck Nine,986
Mayhem Studios,987
Falcom,988
Etranges Libellules,989
Paradigm Entertainment Inc.,990
Incognito Inc.,991
Colossai Studio,992
Lince Works,993
Lexis Numerique,994
ValuSoft,995
C-Lab,996
Freakzone Games,997
Mineloader Software,998
Tri Synergy,999
Studio Saizensen,1000
fupac,1001
Amazing Studios,1002
Juice Games,1003
Iguana Entertaiment,1004
PlatinumGames,1005
Bandai Namco Studios,1006
Marvelous,1007
1st Playable,1008
ArtePiazza,1009
Amaze Entertainment / Griptonite Games,1010
Blue 52,1011
ParaPhray,1012
VIVARIUM Inc.,1013
RED Company,1014
People Can Fly,1015
Saffire Corporation,1016
"Cavia, inc.",1017
IO Interactive,1018
Little Orbit,1019
Melbourne House,1020
Ninja Studio,1021
Sega-AM1,1022
4J Studios,1023
Crafts & Meister,1024
Versus System,1025
TGL,1026
Digtal Illusions,1027
Legacy Interactive,1028
Enix,1029
Gaming Minds Studios,1030
Awesome Developments,1031
Sankyo,1032
Freedom Factory Studios,1033
Nicalis,1034
Sega-AM2,1035
Prototype,1036
Doublesix,1037
"Viva Media, LLC",1038
Black Forest Games,1039
Hookstone Productions,1040
ROIGAMES Inc.,1041
Monolith Productions,1042
Cinegroupe,1043
Syangrila,1044
Headup Games,1045
Blizzard Entertainment,1046
3D Realms,1047
Unit,1048
Tenco,1049
VITEI,1050
Future Games,1051
Paradox Development,1052
"Xatrix Entertainment, Inc.",1053
Studio Fizbin,1054
"Sand Grain Studios, Magic Wand Productions, FUN Labs",1055
Team Fusion,1056
Blastoid Entertainment,1057
Nitroplus,1058
Ubisoft Sofia,1059
Silent Dreams,1060
TimeGate Studios,1061
Human Soft / Ivolgamus,1062
EA Bright Light Productions,1063
Incredible Technologies,1064
1C Maddox Games,1065
Cyanide Studios,1066
Independent Arts Software,1067
Electronic Arts Casual Studios,1068
Gravity-I,1069
FuRyu Corporation,1070
Squashy Software,1071
LightWeight,1072
Capybara Games,1073
EurocoEntertainment Software,1074
RailSimulator.com,1075
"HotGen, Ltd.",1076
Micronet,1077
Rob Howland,1078
System 3,1079
Digital Eclipse Software,1080
iWin,1081
BIP Games,1082
Cliffhanger Productions,1083
Denki,1084
Aquria,1085
PlatinumGames / Nude Maker,1086
Pipliz,1087
Boss Alien Ltd.,1088
Teyon,1089
Harvester Games,1090
Velez & Dubail,1091
Masque Publishing,1092
Tomy,1093
Game Brains,1094
Pyramid/JAPAN Studio,1095
Digital Fiction,1096
Data East,1097
Renegade Kid,1098
The Neverhood,1099
Impulse Gear,1100
Walter Machado,1101
Housemarque,1102
Teeny Weeny Games,1103
TheMeatly Games,1104
IllFonic,1105
Pterodon,1106
Nikitova Games,1107
Ganbarion,1108
Racing Bros,1109
Sega-AM7,1110
Dagestan Technology,1111
ArtDink,1112
Pocketeers,1113
Edios Interactive,1114
"Awesome Developments, Ltd.",1115
Rocket Studios,1116
Nintendo EAD / Q-Games,1117
The Quantum Astrophysicists Guild,1118
"HAL Laboratory, Flagship",1119
Jackbox Games,1120
Zenrin,1121
"Next Level Games, Inc.",1122
Celeris,1123
Crave,1124
Miwashiba,1125
Team Cherry,1126
Smudged Cat Games,1127
Tenyo,1128
Infogrammes Studios,1129
Fish Factory Games,1130
Quebec City,1131
Catnip Games,1132
Metia Interactive,1133
GRIN,1134
Endless Loop Studios,1135
WildTangent,1136
V Jump / Square Enix,1137
Sproing Interactive Media GMBH,1138
Rainbow Studio,1139
VCC Entertainment,1140
Running With Scissors,1141
Rhino Studios,1142
Red Candle Games,1143
Palm Development,1144
Savage Entertainment,1145
Turn 10,1146
Bandai,1147
Intelligent Systems,1148
Daylight Studios,1149
Contrail,1150
Psyonix Studios,1151
Island Officials,1152
Square-Enix,1153
Spellbound,1154
E-game,1155
FarSight Studios,1156
O-Games,1157
Trainwreck Studios,1158
Examu Inc.,1159
Sirius Games,1160
FreeStyleGames,1161
Aksys Games,1162
Nintendo?�R&D1,1163
Mothership Entertainment,1164
Pentavision Entertainment,1165
Flat Cat,1166
Interactive Studios Ltd.,1167
Shiro Games,1168
Razorworks Studios,1169
Studio E,1170
GameHouse,1171
Bits Studios,1172
Endemol,1173
Little Worlds Studio / Anuman Interactive,1174
iRock Interactive,1175
BiArt Studios,1176
Introversion,1177
Nuevo Retro Games / NST,1178
Nfusion,1179
Raylight Studios,1180
Nintendo,1181
Probe,1182
The Collective,1183
Rovio Mobile,1184
Limbic Software,1185
Sabarasa Entertainment,1186
Unique Development Studios,1187
DreamXCreate,1188
A.S.K. Homework,1189
Avalanche Software / Ritual Entertainment,1190
Deibus Studios,1191
ColdWood Interactive,1192
Wild Games,1193
Gremlin Interactive,1194
Spiders,1195
Team17 Digital Ltd,1196
Spicy Horse,1197
Mechanic Arms,1198
Pronto Games,1199
Nippon Amuse,1200
Crackshell,1201
Fun Com,1202
Black Shell Games,1203
Ubisoft Sao Paulo,1204
Guyzware,1205
505 Games,1206
Voxler,1207
New,1208
ZeroBit Games,1209
Synnergy Circle Games,1210
"Indi Software Co., Ltd.",1211
Owlchemy Labs,1212
Mentor Interactive,1213
Petroglyph Games,1214
TDK Core,1215
Game Life,1216
Sega Falcom,1217
Cadenza Interactive,1218
Karin Entertainment,1219
Starbreeze,1220
Panther Software,1221
PopCap Games,1222
Tecmo,1223
ParityBit,1224
David A. Palmer Productions,1225
Cosmigo,1226
Empire Interactive,1227
Mere Mortals,1228
Ancient,1229
Virtual Identity,1230
Vectordean,1231
Blue Shift,1232
K2,1233
Raster Productions,1234
Whoopee Camp,1235
Perpetual FX Creative,1236
HyperBole Studios,1237
Nintendo SDD,1238
Mind Candy,1239
Tantalus Interactive,1240
CBS Electronics,1241
Stormregion,1242
Alpha Unit,1243
11 bit studios,1244
EA Sports,1245
O Games,1246
Sproing,1247
Sega Studios Australia,1248
Wales Interactive Ltd.,1249
Alfa System,1250
Overworks,1251
Dimps Corporation,1252
Amanita Design,1253
Konami Computer Entertainment Osaka,1254
Sniper Studios,1255
Vertex,1256
Alda Games,1257
Lab Zero Games,1258
oeFun,1259
Crave Entertainment,1260
Greenheart Games,1261
Danger Productions,1262
"Hypnos Entertainment, Inc.",1263
Vivid Games S.A.,1264
MicroProse,1265
Stoic Studio,1266
Open Sesame,1267
SCi,1268
Hijinx Studios,1269
Paradox Interactive,1270
iMAGi Studios,1271
VU Games,1272
Infinity Ward,1273
Mad Doc Software,1274
Bluestone Interactive,1275
Studio Wildcard,1276
Frozenbyte,1277
Mitchell,1278
Perfect Entertainment,1279
TDK Mediactive,1280
Funcom Oslo A/S,1281
Left Field Productions,1282
Empty Clip Studios,1283
Survios,1284
Teku Studios,1285
GungHo,1286
Sandlot,1287
Ecole Software,1288
Bungie,1289
Licensed 4U,1290
343 Industries,1291
Vicious Cycle,1292
Nerve Software,1293
"What Pumpkin Games, Inc.",1294
EA Los Angeles\ Westwood Studios,1295
CyberFront,1296
HB Studios,1297
Denyu-Sha,1298
Type-Moon,1299
Tantalus,1300
CharlieH,1301
Park Place Productions,1302
BioWare Edmonton,1303
Hazelight,1304
Fields,1305
SolWorks,1306
Terri Vellmann,1307
Realtime Associates,1308
Cyclone Studios,1309
Cattle Call,1310
Game Republic,1311
Ubisoft Montreal,1312
ART Co.,1313
In2Games / Aqua Pacific,1314
Ubisoft Montpellier,1315
Free Radical Design,1316
Disney Interactive Studios,1317
New Level Software,1318
Moss,1319
ToeJam & Earl Productions,1320
Virtucraft,1321
Createch,1322
iNiS,1323
Grasshopper Manufacture,1324
Ubisoft Quebec City,1325
Tactical Development,1326
Mattel,1327
"Starsphere Interactive, Inc.",1328
Born Ready Games Ltd.,1329
Ludosity AB,1330
S-Neo,1331
Phantagram,1332
The Odd Gentlemen,1333
Maxis Software,1334
Deep Red,1335
Eighting / Raizing,1336
Vigil Games,1337
Destination Software,1338
EA Freestyle,1339
Key Game,1340
DreamCatcher Interactive,1341
TOSE Software,1342
Northway Games,1343
Farsight Technologies,1344
Mindscape Inc.,1345
Data Age,1346
RedTribe Studios,1347
Lucas Learning,1348
Easy Interactive,1349
Genuine Games,1350
Irem Corp.,1351
Skyworks Technologies,1352
Exato Games Studio,1353
Namco Bandai,1354
NEC Intechannel,1355
Nom Nom Games,1356
Papyrus,1357
Slam Games,1358
System Soft,1359
Parker Bros.,1360
989 Sports,1361
Destan Entertainment,1362
Sony Interactive Studios America,1363
Prolific,1364
Evolution Studios,1365
Mistwalker Corporation / Brownie Brown Inc. / Feelplus Inc.,1366
Mighty Rocket Studio,1367
AMA Studios,1368
BottleRocket Entertainment,1369
Oxygen Studios,1370
Atari Games,1371
Eugen Systems,1372
Ubisoft Shanghai,1373
HandMade Game,1374
Saurus,1375
Mistwalker Corporation / AQ Interactive,1376
Neversoft Entertainment,1377
Elektro Games,1378
Focus,1379
LTI Grey Matter,1380
Wheelhaus,1381
Rejet,1382
Acclaim,1383
Eurocom Entertainment Software,1384
Bungie Studios,1385
Grounding Inc.,1386
Acclaim?�Studios?�Salt?�Lake?�City,1387
Sanrio Digital,1388
Radical Entertainment,1389
Eidos Montreal,1390
G-Craft,1391
AI,1392
Beyond Reality,1393
Sega Sports R&D,1394
Ravenscourt,1395
Mascot Entertainment,1396
Cokem International,1397
TechnoBrain,1398
Ivory Tower,1399
Lucky Jump,1400
Incinerator Games,1401
Aspyr Media,1402
DoubleTap Games,1403
Brain Toys,1404
Spike,1405
"Z-Axis, Ltd.",1406
Obsidian Entertainment,1407
Mystique,1408
Cing,1409
Wideload Games,1410
07th Expansion,1411
Ongakukan,1412
Phoenix Interactive Entertainment,1413
ARC Entertainment,1414
Ruffian Games,1415
Psygnosis Camden Studio,1416
Givro Corporation,1417
Digital Extremes,1418
Impulse Games,1419
Re-Logic,1420
Studio Liverpool,1421
Pipeworks Software Inc.,1422
Blue Tea Games,1423
"Arcen Games, LLC",1424
Sega Racing Studio,1425
Eiconic Games,1426
Vanguard Games,1427
Human Entertainment,1428
Lost Toys,1429
DMM Games,1430
The Creative Assembly,1431
Conspiracy Entertainment,1432
Nordic Games Publishing,1433
Airtight Games,1434
Turn 10 Studios,1435
SIE London Studio,1436
Sand Grain Studios,1437
NuFX,1438
GameLab / PlayFirst,1439
First Contact Entertainment Inc.,1440
Sukeban Games,1441
Circus,1442
Ubisoft Bulgaria,1443
JoWood Productions & Piranha Bytes,1444
Mike Bithell Games,1445
Chuable Soft,1446
Smack Down Productions SARL,1447
EA Games,1448
Wicked Witch Software,1449
Game Life / Dream On Studio,1450
Griptonite Studio,1451
Ascaron Entertainment,1452
Nobilis,1453
Yamasa Entertainment,1454
Pi Studios,1455
Sometimes You,1456
Silicon Dreams,1457
Cobra Mobile,1458
Blitz Games,1459
Etranges Libellules / Neko Entertainment,1460
Cyanide Studio,1461
Nihilistic,1462
Ivolgamus UAB,1463
Irrational Games,1464
Digifloyd,1465
I-Imagine,1466
Rocket Company,1467
Opus Studio,1468
React Games,1469
Global A Entertainment,1470
Oxygen Games,1471
Midway Amusement Games,1472
Caged Element,1473
UK Magic,1474
Access Games,1475
NoWay Studio,1476
BrezzaSoft,1477
Sunflower Studios,1478
Codemasters,1479
Hammerpoint Interactive,1480
Daedalic Entertainment,1481
Blade?�Interactive,1482
Lovedelic,1483
Hammerhead,1484
SFB Games,1485
Logic Korea,1486
"Ikusabune Co., Ltd.",1487
Human Club,1488
Way Forward,1489
LTI,1490
"GULTI co.,ltd.",1491
Kadokawa Games,1492
QuinRose,1493
Locked Door Puzzle,1494
Desert Productions,1495
Brainbox Games,1496
Atomic Games,1497
ASCII Entertainment / Tirnanog,1498
Tachyon Inc.,1499
Black Isle Studios,1500
Mindware Studios,1501
Ubisoft Pune,1502
Helixe,1503
Del,1504
Konami Computer Entertainment Japan,1505
Kids Station,1506
Tindalos Interactive,1507
Atomic Planet Entertainment,1508
Good Science Studio,1509
Saru Brunei / Intelligent Systems,1510
Torus Games Pty. Ltd.,1511
4mm Games / Terminal Reality,1512
Blackfire Games,1513
Rumic Soft,1514
Boomzap,1515
Commseed,1516
Anti-Ded GameDev,1517
Polytron Corporation,1518
Experience Inc.,1519
Gogii Games,1520
PlayStation C.A.M.P.!,1521
Asobo Studios,1522
Smackdown Productions,1523
Larian Studios,1524
Acid Nerve,1525
17-Bit,1526
Humble Hearts,1527
Comfort,1528
Quintet,1529
Ambrella,1530
Planet Moon Studios,1531
Team6 Game Studios,1532
Zoink Games,1533
Hovgaard Games,1534
Riverhillsoft,1535
Rainbow Studios,1536
Bigbig Studios,1537
Slitherine Software,1538
Koei / Inis,1539
bexide,1540
Epicenter Studios,1541
Midway Studios San Diego,1542
Eagle Dynamics,1543
Griffin International,1544
Deep Space,1545
Gratuitous Games,1546
Curly Monsters,1547
Zener Works,1548
Slak Games,1549
Elixir Studios,1550
Rekoo,1551
Criterion Games,1552
KillHouse Games,1553
Behaviour Interactive Inc.,1554
Hudson,1555
Bandai Namco Games / NOW Production,1556
Equinoxe,1557
"Asmik Ace Entertainment, Inc",1558
"Anchor,?�Inc.",1559
Fountainhead Entertainment /  id Software,1560
7 Studios,1561
Four Quarters,1562
Disney Interactive,1563
Monumental Games,1564
Anco,1565
Ubisoft Milan,1566
Rebellion Developments,1567
TBD,1568
KHB-Soft,1569
ESP,1570
Red Zone Entertainment,1571
EM Studios,1572
Comcept,1573
Immersion Software & Graphics,1574
"MotiveTime, Ltd.",1575
"iWin, Inc.",1576
"Nd Cube Co., Ltd.",1577
Milkstone Studios,1578
Eurocom Entertainment Sofftware,1579
Winged Cloud,1580
EA Salt Lake,1581
Nippon Columbia,1582
Saber Interactive,1583
Doki Denki,1584
Gust,1585
Bootdisk Revolution,1586
ZigZag Island,1587
SystemSoft,1588
Vaka Game Magazine,1589
Illusion Softworks,1590
"Yuke's Co., Ltd.",1591
HexaDrive,1592
Graffiti Entertainment,1593
Point of View Inc.,1594
Sparkworkz,1595
Bugbear Entertainment,1596
Beautiful Game Studios,1597
FireForge Games,1598
Sports Director Limited,1599
Tuning Electronic,1600
M4 Entertainment,1601
Atlus,1602
Tecmo Koei Canada,1603
Runecraft,1604
PlayFirst,1605
Undead Labs,1606
Mucky Foot Productions,1607
Stalker Entertainment,1608
Prospect Games,1609
Barnstorm Games,1610
fonfun Corporation,1611
GameMill Publishing,1612
Flying Carpets Games,1613
Cooking Mama Ltd.,1614
Final Form Games,1615
Inland Productions,1616
Pegasus Japan,1617
Santaclaus,1618
"responDESIGN, Inc.",1619
Might and Delight,1620
Sonnori,1621
Big Red Software,1622
Kodots Games,1623
Ironclad Games,1624
Nintendo SPD Production Group 1/Team Ninja,1625
Lazy 8 Studios,1626
Digital Leisure Inc.,1627
Yuki Enterprise,1628
Hidden Path Entertainment,1629
El Dia,1630
Kat Games,1631
Koei,1632
Devil's Thumb Entertainment,1633
SimBin,1634
Pacific Century Cyber Works Japan,1635
Panda Indie Studio,1636
Ironhide Game Studio,1637
ADELTA,1638
Cavia Inc.,1639
Dan Dixon,1640
K2 LLC,1641
Locomotive Games,1642
DreamFactory,1643
Digital Tentacle,1644
Cherry Pop Games,1645
2K Sports,1646
989 Studios,1647
ALICE IN DISSONANCE,1648
Airship Syndicate,1649
exoSyphen Studios,1650
Tangentlemen,1651
Happy Happening,1652
HB Studios Multimedia,1653
Dmytry Lavrov,1654
High Impact Games,1655
Kuju Entertainment,1656
Blue Tongue,1657
WizarBox,1658
Relic,1659
Crawfish Interactive,1660
Nex Entertainment,1661
"Black Lantern Studios, Inc.",1662
Minds-Eye?�Productions,1663
CyberConnect2 / Cavia Inc.,1664
MTO,1665
K2 / Kurogane,1666
UBIart Montpellier,1667
New Reality Games,1668
Playstos Entertainment,1669
Vingt-et-un Systems,1670
Kyle Seeley,1671
Phoenix Games Studio,1672
stillalive studios,1673
ZackBellGames,1674
Phoenix Games,1675
Little Green Men Games,1676
RFX Interactive,1677
MagicPot,1678
neo Software,1679
New Corporation,1680
Stainless Games,1681
Kylotonn Entertainment,1682
Zoo Games,1683
Polygon Magic,1684
Playlogic Game Factory,1685
Krillbite Studio,1686
Kemco,1687
Koolhaus Games,1688
Giant Squid Studios,1689
Dancing Dots,1690
Spike Chunsoft,1691
Konami Computer Entertainment Hawaii,1692
The Code Monkeys,1693
Sonic Team/Dimps Corporation,1694
Beam Software,1695
Genuine,1696
Oddworld Inhabitans,1697
5pb. Games,1698
K Bros Games,1699
Andamiro U.S.A. Corp.,1700
1st Playable Productions / OneNine Studios,1701
Game Refuge,1702
Mistwalker Corporation / Racjin,1703
3909 LLC,1704
Adrenium Games,1705
Pendulo Studios,1706
Omega Force,1707
EA UK,1708
Team Andromeda,1709
Jupiter Corporation,1710
Sony Music Entertainment Inc.,1711
Playground Games,1712
Wolfteam / Namco Tales Studio,1713
Cocktail Soft,1714
Virtual Toys,1715
Snail Games USA,1716
Cinemaware,1717
Big Blue Box,1718
Big Deez Productions,1719
Fireproof Games,1720
Dimple Entertainment,1721
Mattel Interactive,1722
Ino-Co / 1C Company,1723
Bionic Games,1724
Junction Point Studios,1725
Pinegrow,1726
Team 6 Games Studio,1727
Firaxis Games,1728
Rockstar Games,1729
Cyber Planet,1730
EA Los Angeles,1731
"Vision?�Scape?�Interactive,?�Inc.",1732
Blue Planet Software,1733
Swing Swing Submarine,1734
"Big Blue Bubble, Inc.",1735
Avalanche Studios,1736
PAWS,1737
PUBG Corporation,1738
Imagic,1739
GCP1,1740
Koch Media,1741
SNK Playmore,1742
KCEO,1743
Visual Arts,1744
WorkJam,1745
Valve Corporation,1746
D3 Publisher,1747
Revolution (Japan),1748
RPG Video,1749
FOG (Full On Games),1750
Candle Light Studios,1751
Atari,1752
Warthog,1753
Deadline Games,1754
Sanzaru Games,1755
Global Star,1756
Reverie World Studios Inc.,1757
Luxoflux,1758
GameMill Entertainment,1759
MoeNovel,1760
Propaganda Games,1761
Mekensleep,1762
SCEI,1763
Steel Monkeys,1764
ECI,1765
Anisoptera Games,1766
Big Time Software,1767
Enjoy Gaming ltd.,1768
Abel Software,1769
Mix Max,1770
NovaLogic,1771
Digital Illusions CE,1772
GameTek,1773
Rubycone Games,1774
Iridon Interactive,1775
Game-Labs,1776
Visceral Games,1777
Marvelous / Imageepoch,1778
Krisalis Software,1779
Game Arts / Japan Art Media (JAM),1780
IR Gurus Interactive,1781
Bec,1782
Twisted Pixel Games,1783
Anatoliy Loginovskikh,1784
Tectonic Studios,1785
Toybox Games,1786
Spark Unlimited,1787
Rockstar Toronto,1788
Frame Studios Interactive,1789
Lion Game Lion,1790
Artefacts Studios,1791
Yuke's Osaka,1792
OutOfTime|OutOfCrumpets,1793
Computer Artworks,1794
Pipe Dream Interactive,1795
Overhype Studios,1796
The Method,1797
Telenet Japan / Wolfteam,1798
Nippon Ichi Software / Gust,1799
Shogakukan Production,1800
Miracle Positive,1801
Capcom Production Studio 8,1802
Babylon Software,1803
Dramatic Create,1804
Creative Pattern,1805
Next Entertainment,1806
Paprikari,1807
Insomniac Games,1808
Midway Games,1809
Slightly Mad Studios,1810
House On Fire,1811
Sega-AM3,1812
Argonaut Software,1813
Merscom LLC,1814
Kinto Games LLC,1815
Lighthouse Games Studio,1816
Black Lime Games,1817
Just Add Monsters,1818
Matt Thorson,1819
VSTEP,1820
G Artist,1821
Mimimi Productions,1822
Black Tower Studios,1823
"TechnoSoft Co., Ltd.",1824
Bedlam Games,1825
Human Head Studios,1826
WayForward Technologies,1827
Impressionware SRL,1828
Big Grub,1829
Six by Nine,1830
Triple-Star Studio,1831
Volition,1832
Artech Digital Entertainment,1833
Pioneer LDC,1834
Lionhead Studios,1835
Pack-In-Video,1836
BestGameEver.com,1837
Cranky Pants Games,1838
Zoe Mode / HB Studios,1839
Arc Developments,1840
NMS Software,1841
Backbone Entertainment,1842
Virtuos,1843
Mud Duck Productions,1844
Retro Affect,1845
GungHo Online Entertainment,1846
The Coalition,1847
Sucker Punch,1848
Yacht Club Games,1849
Sacnoth,1850
Offworld Industries,1851
Hyper-Devbox,1852
Lamina Studios,1853
Centuri,1854
ImageBuilder Software,1855
Boss Game Studios,1856
LucasArts,1857
Other Ocean Interactive,1858
Page 44,1859
Hothouse Creations,1860
ZeroDiv,1861
Sarbakan,1862
Firaxis,1863
Llamasoft,1864
Realmforge Studios,1865
Spiderweb Software,1866
OBLONE Software,1867
SirTech,1868
JV Games,1869
Entergram,1870
Nucleosys,1871
Buka Entertainment,1872
Acclaim Entertainment,1873
Kogado Software Products,1874
Graphic Research,1875
Monomi Park,1876
Zushi Games Ltd,1877
SIE Santa Monica Studio,1878
Artex Software,1879
Liquid Entertainment,1880
Freeze Tag,1881
Hinterland Studio Inc.,1882
Mistic Software,1883
Regista,1884
Pax Softonica,1885
Sega WOW Overworks,1886
MLB.com,1887
Zoonami Ltd.,1888
Nintendo EAD,1889
Mana Comp. Soft.,1890
Advanced Technology Group,1891
Webfoot Technologies,1892
Meyer/Glass Interactive,1893
Cornfox & Brothers,1894
Halfbrick Studios,1895
Mass Media Inc.,1896
Crafts & Meisters,1897
Sega,1898
QCF Design,1899
Gameloft,1900
PawaPuro Productions,1901
Relentless Software,1902
Ubisoft Reflections,1903
Game Arts,1904
Max Five,1905
Amaze,1906
Exact,1907
BiArt,1908
Kheops Studio,1909
Rockstar London,1910
GREZZO,1911
Kite Games,1912
White Birds Productions,1913
Mercury Steam Entertainment,1914
CCP,1915
Headgate,1916
Media Works,1917
Hitcents,1918
Metropolis Software,1919
Playtonic Games,1920
SuperVillain Studios,1921
Headgate Studios,1922
Stealth Studios,1923
Namco Tales Studio / Wolfteam,1924
Artefacts Studio,1925
United Coders,1926
Bam Entertainment,1927
Barking Lizards,1928
GameLab,1929
Fusionsphere Systems / Animation Arts,1930
Studio MDHR,1931
Answer Software,1932
Yumedia,1933
Killaware,1934
BioWare,1935
Big Sandwich Games,1936
Enlight Software,1937
Burst Studios,1938
Big Blue Bubble,1939
Ready at Dawn,1940
Enterbrain,1941
Stellar Entertainment,1942
ZeptoLab,1943
HuneX,1944
Haydee Interactive,1945
Beatnik Games,1946
XPEC,1947
iMel,1948
GSC Game World,1949
Adrenium,1950
Attractive Games,1951
Nightlight Studios,1952
TBA,1953
Metro Corporation,1954
Pixel Arts,1955
Red Wagon,1956
Onion Egg,1957
Hasbro Interactive,1958
Magic Pockets,1959
Massive Entertainment,1960
Surreal Software,1961
Hothead Games,1962
Sugar & Rockets,1963
Gammick Entertainment,1964
Salu Ltd.,1965
Kaos Studios,1966
Ving,1967
A2M,1968
Signal Studios,1969
Zoe Mode,1970
2K Czech,1971
Jorudan,1972
Genki,1973
Wolfteam,1974
Slant Six,1975
Big Sky Software,1976
DoubleBear Productions,1977
Terryglyph Interactive Studios,1978
Icon Games,1979
Certain Affinity / Valve Software,1980
Cygames,1981
Runner Duck,1982
Digital Illusions (DICE),1983
Zoo Entertainment Inc.,1984
Tecmo Koei Games,1985
"Treasure Co., Ltd.",1986
Xing Inc.,1987
Miracle Designs,1988
Panic Button,1989
HMH Hamburger Medien Haus,1990
Epoch,1991
Headup Games / Crenetic,1992
Uber Entertainment,1993
Starfish,1994
Lonely Troops,1995
20th Century Fox Video Games,1996
Studio Archcraft,1997
Pony Canyon,1998
Magenta Software,1999
Farmind Ltd,2000
Focus Home Interactive,2001
FAKT Software GmBH,2002
ISCO,2003
Farm 51,2004
Bluepoint Games,2005
Enlight Software Ltd.,2006
Knowledge Adventure Inc.,2007
Atlus Co.,2008
Mac Play,2009
Piacci,2010
Landfall West,2011
Press Play,2012
Bitmap Bureau,2013
Ninja Theory,2014
SaintHeiser,2015
Double Fine Productions,2016
Matrix Software / RED Entertainment,2017
Ensemble Studios,2018
Team Dakota,2019
Rockstar San Diego,2020
Nitro+,2021
Team Land Ho!,2022
Dragonstone Software,2023
Imagineer,2024
Light Weight,2025
Dreamworks Games,2026
Transmission Games,2027
Sports Interactive,2028
Beautiful Glitch,2029
Frozen Codebase,2030
Vir2L Studios,2031
Scholastic Inc.,2032
Colossal Pictures,2033
"Quicksilver Software, Inc.",2034
Monstars Inc.,2035
Iron Galaxy,2036
Acquire,2037
Strawdog Studios Ltd.,2038
Nihon Falcom Corporation,2039
Alpine Studios,2040
SomaSim,2041
FireFly Studios,2042
Sandswept Studios,2043
Mastiff,2044
Scholastic Media,2045
Cauldron Ltd.,2046
Sunrise Interactive,2047
Success,2048
"Powerhead, LLC",2049
Independent Arts,2050
Midway Studios - Austin,2051
Office Create,2052
Moon Studios,2053
Fox Interactive,2054
Gem International Corporation,2055
Jetdogs Studios,2056
Daiichi,2057
Hamster Corporation,2058
Mindscape,2059
Chat Noir,2060
Visual?�Sciences?�Ltd.,2061
Tubby Games,2062
Funatics Software,2063
Operetta Due,2064
"RedLynx, Ltd.",2065
Lose,2066
Abstraction Games,2067
Double Helix Games,2068
"Million Co., Ltd.",2069
EKO Software,2070
Croteam,2071
Kando Games,2072
Gesen 18,2073
Iron Lore Entertainment,2074
Eden Studios,2075
Games Farm,2076
EA Black Box,2077
Tom Create,2078
Ubisoft Montreal / Annecy,2079
Cleverweek,2080
Big John Games,2081
Epic Games,2082
The Behemoth,2083
Sensory Sweep Studios,2084
Big Fish Games / LDW,2085
Rare Ltd.,2086
Technos,2087
W!Games,2088
Sonic Team,2089
Shift,2090
Zoom Inc.,2091
Ratbag,2092
Vanguard,2093
eV Interactive,2094
Blender Games,2095
Braingame,2096
Yager Development,2097
Three Gates,2098
Frozen North Productions,2099
Team .366,2100
Just Sims,2101
DJMAX Sound Lab Team,2102
Blue Side,2103
Volition Inc.,2104
HONEY PARADE GAMES,2105
Gottlieb,2106
StarSystemStudios,2107
Bullfrog,2108
Cing Inc. / Town Factory,2109
Digital Anvil,2110
Acclaim Studios Teesside,2111
SuperBot Entertainment,2112
The Workshop,2113
Digital Sun,2114
Irem Software Engineering,2115
Yuke's Future Media Creators,2116
"mixi, Inc",2117
10tacle Studios AG,2118
Seibu Kaihatsu Inc.,2119
Starpath Corp.,2120
"Concrete Software, Inc.",2121
Heart Beat,2122
Valve,2123
Williams Entertainment Inc.,2124
Gakken Kyouiku Shuppan,2125
One Man Band,2126
Hitbox Team,2127
Chaos Concept,2128
Feng,2129
Any Channel,2130
"Pai,?�Inc",2131
Parallax Software,2132
iiWin,2133
NGD Studios,2134
Ertain,2135
Cave Barn,2136
EKO System,2137
Magical Company,2138
Norbert Palacz,2139
id Software,2140
Cohort Studios,2141
Beyond Games,2142
Avalanche Software,2143
Chris Sawyer,2144
Most Wanted Entertainment,2145
Gunfire Games,2146
SSI,2147
Kyy Games,2148
The Balance Inc,2149
Infinite Ventures,2150
Hellbent Games,2151
SourceNext,2152
Monkey Bar Games,2153
Visual Science,2154
Camouflaj,2155
Necrophone Games,2156
NEKO Entertainment Yullaby,2157
O-TWO inc.,2158
SCE Japan Studio,2159
Cyan Worlds,2160
Telenet,2161
Big Ant Studios,2162
Buzz Monkey Software,2163
Namco Bandai Games America,2164
Kerberos Productions Inc.,2165
Daoka,2166
epics,2167
Illusions Game Company,2168
Artoon,2169
TML Studios,2170
Gulti,2171
Seta Corporation,2172
Butterscotch Shenanigans,2173
Ubisoft Bucharest,2174
Treyarch,2175
MumboJumbo,2176
Starbreeze Studios AB,2177
Headstrong Games,2178
Nintendo Software Technology Corporation,2179
Kokolo Corporation,2180
Artificial Studios,2181
Playdead,2182
Flip Flop Production,2183
Zombie Studios,2184
Z-Axis,2185
Digital Eclipse,2186
KCEJ,2187
City Connection,2188
Armor Project/Bird Studio,2189
d3t Ltd,2190
Gaijin Entertainment,2191
Culture Publishers,2192
Defiant Development,2193
Tikipod,2194
Aspyr,2195
"Asmik Ace Entertainment, Inc.",2196
Hydravision Entertainment,2197
DeXP,2198
Codemasters Birmingham,2199
Black?�Ops?�Entertainment,2200
Metro Graphics,2201
Spike / DreamFactory Ltd.,2202
Introversion Software,2203
InXile Entertainment,2204
Twelve Games,2205
KCEA,2206
Produce!,2207
Ubisoft Barcelona / Ubisoft Reflections,2208
Groove Box,2209
Marvelous Entertainment,2210
Triangle Service,2211
FUN Labs,2212
Ride On,2213
Mobilero,2214
0verflow,2215
Trendy Entertainment,2216
Project Sora,2217
Data Design Interactive,2218
Flagship,2219
Rocksteady Studios,2220
Trickstar Games,2221
Iron Galaxy Studios,2222
Eighting,2223
HumaNature Studios,2224
Delphine Software International,2225
Namco Bandai Games / Celius,2226
Serious Brew,2227
Max Design,2228
TT Fusion,2229
Trickjump Games Ltd,2230
ARIA,2231
GameCo Studios,2232
D-Pad Studios,2233
Sprite,2234
Sega CS3,2235
Landfall,2236
United Front Games,2237
Blue Castle Games,2238
Access,2239
SKONEC Entertainment,2240
Conspiracy Entertainment Corporation,2241
Ska Studios,2242
EightyEightGames,2243
Keen Games,2244
Sega Rosso,2245
Blitz Game Studios,2246
Codo Games,2247
Replay Studios,2248
Frogmind,2249
EA Chicago,2250
1st Playable Productions,2251
Tempest Software,2252
Mercury Steam / Alchemic Productions,2253
Media Kite,2254
ESP Software,2255
Hudson Soft,2256
Team Meat,2257
Edge of Reality,2258
Modulaatio Games,2259
IE Institute,2260
H2O?�Entertainment,2261
Pocket Studios,2262
Marvelous Interactive,2263
Taito,2264
Artificial Mind and Movement,2265
Iridon Interactive AB,2266
Konami Digital Entertainment,2267
"Jellyvision, Inc.",2268
Mommy's Best Games,2269
Arcen Games,2270
Indi Software,2271
HB Studios Multimedia Limited,2272
Sierra Entertainment,2273
Berserk Games,2274
Galaxy Trail,2275
"Dark Water Studios, Ltd.",2276
Ignition Banbury,2277
MindSpan,2278
Freebird Games,2279
Humongous Entertainment,2280
Bisty,2281
Traveller's Tales,2282
Tigervision,2283
Unigine Corp,2284
MichaelSoft,2285
Avalon Hill,2286
Tivola,2287
Jupiter Multimedia,2288
EA?�Canada,2289
Ubisoft Romania,2290
Aruze Corp,2291
Big Bang,2292
Carpace,2293
Torus Games,2294
Capcom Production Studio 4,2295
Bomb,2296
A.Y.std,2297
Majesco,2298
Revolution Software,2299
Matthew Brown,2300
Eutechnyx,2301
Sony Marketing,2302
Supersonic Software,2303
Ilex Games,2304
Million,2305
Kalypso,2306
Angry Mob Games,2307
Super Empire,2308
THQ,2309
Liquid Dragon Studios,2310
TopWare Interactive,2311
Totally Games,2312
CodeFire,2313
Black Hole Games,2314
Handheld Games,2315
2XL Games,2316
Seragam,2317
Sinister Games,2318
InterActive Vision Games,2319
Idea Factory,2320
B-Alive,2321
Q-Games,2322
"Kogado Studio, Inc.",2323
Axela,2324
Runtime,2325
Software Creations,2326
Agharta Studio,2327
BreakAway Games,2328
Naughty Dog,2329
EKO,2330
Sledgehammer Games,2331
Headlock,2332
SCE San Diego Studio,2333
Felistella,2334
Breakpoint Studio,2335
Sony Online Entertainment,2336
THQ Nordic,2337
ImaginEngine,2338
Wargaming.net,2339
Red Barrels,2340
EnjoyUp Games,2341
Tarsier Studios,2342
Stainless Steel Studios,2343
2K Shanghai,2344
High Moon Studios,2345
Reality Pump,2346
DL Softworks,2347
Just Add Water,2348
Igrodelsky,2349
Crim,2350
Strangelite,2351
KCE Tokyo Inc,2352
Minds-Eye Productions,2353
Puppy Games,2354
Sam Barlow,2355
Fresh 3D,2356
WitchCraft,2357
"Orbital Media, Inc.",2358
ClockStone,2359
Platinum Egg,2360
Indies Zero,2361
BAM! Entertainment,2362
Visual Concepts,2363
I*Motion,2364
Ronin Entertainment,2365
Radius9,2366
Dearsoft,2367
Camelot Software Planning,2368
Rockstar Vancouver/Mad Doc Software,2369
From Software,2370
Solutions 2 Go,2371
Collision Studios,2372
Aqua Plus,2373
Gameinvest,2374
Millenium Interactive,2375
Europress,2376
Apollo,2377
Infogrames Sheffield / Team17 Software,2378
William's Entertainment,2379
Big Red Button,2380
Nippon Cultural Broadcasting eXtend,2381
Creative Reality,2382
GR3 Project,2383
WideScreen Games,2384
IGGYMOB,2385
Exient Ltd.,2386
Barking Lizards Technologies LLC,2387
SpiderMonk,2388
Team Ramrod,2389
Studio 33,2390
Red Tribe,2391
Blendo Games,2392
Nippon Ichi Software,2393
XYLA Entertainment,2394
Soleil Software Studio Inc.,2395
Neko Entertainment,2396
FASA Studio,2397
Rage Software,2398
Single Trac,2399
Stage Clear Studios,2400
NanaOn-Sha,2401
Ubisoft Annecy,2402
Prideful Sloth,2403
VIS Entertainment,2404
Alice Soft,2405
Griptonite Games,2406
Arts Software,2407
Warner Bros. Interactive Entertainment,2408
Ricotta,2409
Ascaron,2410
CokeM Interactive,2411
Maschinen-Mensch,2412
Eidos Studios Hungary,2413
Blackbird Interactive,2414
SmartDog,2415
SME Dynamic Systems Limited,2416
Interchannel-Holon,2417
Gear Head Entertainment,2418
Quadriga Games,2419
DONTNOD Entertainment,2420
Namco Tales Studio,2421
Jet Black Games,2422
SCEE London Studio / Zoe Mode,2423
Nuked Games,2424
Flying Wild Hog,2425
WBIE,2426
Namco / Team MelFes,2427
Sonalysts Combat Simulations,2428
Gray Matter,2429
NetherRealm Studios,2430
King of the Jungle,2431
Black Ops Entertainment,2432
O3 Entertainment,2433
Beenox,2434
Zombie?�Studios,2435
Fuse Games Limited,2436
ACE Team,2437
Xuse,2438
Silicon Studio,2439
Best Way,2440
Ubisoft Toronto,2441
David Szymanski,2442
Southend Interactive,2443
Newcom,2444
Mistic Studios,2445
Melbourne House Pty Ltd.,2446
UNiSONSHIFT,2447
Jack of All Games,2448
Alcot,2449
Turbine Inc.,2450
Namco Bandai Games,2451
Criterion,2452
Aardvark Software,2453
NEXT Studios,2454
Warp,2455
Shaba Games / Treyarch,2456
AKABEi SOFT2,2457
7thChord,2458
BudCat Creations,2459
SNK Playmore Corporation,2460
MASA Group,2461
Milkstone Studios S.L.,2462
Midway Studios Newcastle,2463
Monte Cristo Multimedia,2464
Altron,2465
ACES Studio/Microsoft Game Studios,2466
minori,2467
Dovetail Games,2468
Sonic Powered,2469
Griptonite,2470
G1M2,2471
H2O Interactive,2472
FeelPlus,2473
Black Box Games,2474
Qute Corporation,2475
Circus Freak,2476
Studio Gigante,2477
Konami Computer Entertainment Shinjuku,2478
Ubisoft Paris,2479
Simon & Schuster Interactive,2480
"2015, Inc.",2481
ASa Project,2482
Ivanovich Games,2483
Cave Barn Studios,2484
Ubisoft,2485
Arika,2486
Sweets,2487
Moonstone,2488
Guildford Studio,2489
G.Rev,2490
Mastertronic,2491
Level 5 / Armor Project,2492
Media.Vision,2493
Rokumendo,2494
Supermassive Games Ltd.,2495
Barking Lizards Technologies,2496
Marvelous Games,2497
Planning Office Wada,2498
Unknown Worlds Entertainment,2499
2D Boy,2500
League of Geeks,2501
Aki Corporation,2502
David Williamson,2503
Dream Factory,2504
PES Productions,2505
Spellbound Entertainment AG,2506
Pixelogic,2507
argent,2508
Shen Studios,2509
FrontLine Studios,2510
People Can Fly / Epic Games,2511
Guerrilla Cambridge,2512
Giza10,2513
Keen Software House,2514
DrinkBox Studios,2515
cerasus.media GmbH,2516
Arkedo Studio,2517
Team ICO,2518
Foreign Media Games,2519
Phantom 8 Studio,2520
Compile,2521
Unknown,2522
SCEA Bend Studio / Naughty Dog,2523
Overkill Software,2524
AGEOD,2525
Urban Games,2526
Starbreeze Studios,2527
Microsoft Game Studios,2528
Space Boat Studios,2529
Artech Studios,2530
Somi,2531
Invictus Games Ltd,2532
Interchannel,2533
Infogrames,2534
Frontier Developments,2535
BioWare Corp.,2536
Asylum Entertainment,2537
DECK13 Interactive,2538
Stern Electronics,2539
8ting/Raizing,2540
Firesprite,2541
Panic Button LLC,2542
Confounding Factor,2543
EA Phenomic,2544
ChunSoft,2545
Teyon Entertainment,2546
Frictional Games,2547
TetraEdge Games,2548
D3,2549
Red Storm Entertainment / Ubisoft Paris,2550
The Digital Lounge,2551
"Dreams, Inc.",2552
Mistwalker Corporation / tri-Crescendo / Bird Studio,2553
Sean Han Tani,2554
CRI,2555
Massive Entertainment / Swordfish Studios,2556
Light and Shadow Productions,2557
Sunrise Games Ltd.,2558
Hyperspace Cowgirls,2559
Mythic,2560
Aquamarine,2561
Garakuta-Studio,2562
Bunkasha Publishing,2563
Hudson?�Soft,2564
Big Huge Games,2565
Love Conquers All Games,2566
Amanodai,2567
Best Media,2568
FuRyu,2569
Tantatus Interactive,2570
Ghost Games,2571
Muse Soft,2572
Pure Entertainment,2573
Swingin' Ape Studios,2574
Hudson Soft / West One,2575
ASK,2576
Quantic Dream,2577
Acclaim?�Studios?�Cheltenham,2578
Gearbox Software,2579
Black Mesa Team,2580
Virtual Air Guitar Company,2581
Playrix Entertainment,2582
Home Entertainment Suppliers,2583
Mehsoft,2584
Yuke's Media Creations,2585
Mojang,2586
Deep Fried Entertainment,2587
Guillemot Inc,2588
Valcon Games,2589
"Blind Squirrel Digital, Inc",2590
Argonaut Games,2591
Kronos Digital Entertainment,2592
Pam Development,2593
White Wolf Productions,2594
Uacari,2595
Coresoft,2596
Reef Entertainment,2597
Design Factory,2598
Diamond Head,2599
Secret Exit Ltd.,2600
inXile,2601
Ocean,2602
High Voltage Software,2603
Valhalla Game Studios,2604
Hired Gun,2605
Paramount Interactive,2606
Killmonday Games,2607
Ubi Nagoya,2608
GungHo Works,2609
Otomate,2610
Attention To Detail,2611
3DClouds.it,2612
Motion Twin,2613
DSI Games,2614
Japan Supply System,2615
Cowboy Rodeo,2616
Stormfront Studios,2617
Venom Games / Human Head Studios,2618
Electronic Arts North Carolina,2619
Inevitable Entertainment,2620
CiRCLE Studio,2621
Microids,2622
EC Interactive Games,2623
Avalon Style,2624
CYBIRD,2625
Nautilus,2626
SevenOne Intermedia GmbH,2627
Carlsen Games,2628
N-Fusion Interactive,2629
Meteorise,2630
Expansive Worlds,2631
Taniko,2632
Presto Studios,2633
Battlefront,2634
Direct Action Games,2635
Backbone Entertainment / Harmonix Music Systems,2636
High Horse Entertainment,2637
Visual Sciences,2638
Cerasus Media,2639
Excalibur Studios,2640
House of Tales,2641
Raven Software,2642
THQ Australia,2643
Appaloosa Interactive,2644
Acido Cinza,2645
B.Alive,2646
Kunos Simulazioni,2647
Dymchick1,2648
Synetic,2649
ERS G-Studio,2650
Inferno Games,2651
Avanquest Software,2652
Pacific Coast Power & Light,2653
Matrix Software,2654
Acclaim Studios Austin,2655
Silicon Knights,2656
Gusto Games,2657
Game Factory,2658
TT Games / Harmonix Music Systems,2659
Crea-Tech,2660
Nitro Games,2661
Majesco Entertainment,2662
Robomodo,2663
Sammy Corporation,2664
Creative Patterns,2665
ZigZagIsland,2666
Holospark,2667
LVGameDev LLC,2668
Hidden City Games,2669
Gainax,2670
Overplay,2671
ACOT,2672
Societa,2673
A+ Games,2674
IR Gurus,2675
ClockStoneSoftware,2676
Galactic Cafe,2677
Digital Leisure,2678
Sammy Studios,2679
Halcyon,2680
2K Games,2681
Fortyfive,2682
Rivage Games,2683
The Pokemon Company,2684
Tango Gameworks,2685
JGI Entertainment,2686
2K Marin,2687
tri-Ace,2688
2K Play,2689
Ilinx,2690
Coleco,2691
OmiyaSoft,2692
Outright Games,2693
Madmind Studio,2694
Nintendo EPD,2695
Electronic?�Arts?�UK,2696
Yoostar Entertainment Group,2697
Tiertex Design Studios,2698
Bell Corporation,2699
Takara,2700
Indimo Labs LLC,2701
"Buddiez, Inc.",2702
Frontier Studio,2703
MiCROViSion Inc. / Falcom Corporation,2704
UDS,2705
"Seed Studios, Lda",2706
Blast! Entertainment Ltd,2707
Coyote Developments,2708
Batterystaple Games,2709
4a-games,2710
Pukka Games,2711
DC Studios,2712
syn Sophia,2713
Triumph Studios,2714
Infinite Interactive,2715
Syscom Entertainment,2716
Alchemist,2717
TickTock Games,2718
Wanadoo,2719
Definitive Studios,2720
Paul Cuisset,2721
Adeline Software,2722
Autumn Moon,2723
Shaba Games,2724
EXAKT Entertainment,2725
The Astronauts,2726
Zoo Games silver,2727
Namco / NOW Production,2728
Idol FX,2729
Hammerfall Publishing,2730
Acclaim Studios London,2731
8MonkeyLabs,2732
honeybee,2733
Blue Byte Software / Related Designs,2734
Agetec Inc.,2735
5000ft,2736
Visual Impact,2737
"Pipeworks Software, Inc.",2738
Dark Energy Digital,2739
3f Interactive,2740
Little Worlds Studio,2741
Valve Software,2742
YSK,2743
PM Studios,2744
Halycon Media GmbH & Co. KG,2745
Arkane Studios / Floodgate Entertainment / Kuju Entertainment,2746
Villa Gorilla,2747
NorthPole Studio,2748
Bright Future GmbH,2749
Edia Corporation,2750
CyberPlanet Interactive,2751
Taleworlds,2752
ImaginEngine Corp.,2753
Contraband Entertainment,2754
Ivolgamus,2755
Kaiko,2756
The Fun Pimps,2757
NewKidCo,2758
SIMS,2759
Facepunch Studios,2760
Locus,2761
Electronic Arts,2762
Westwood Studios,2763
Idol Minds Digital Entertainment,2764
Think and Feel,2765
"Chunsoft Co., Ltd.",2766
Koei/Inis,2767
AwesomeBlade,2768
Spiral House,2769
Bigben Interactive,2770
Elephant Games,2771
Millennium Kitchen,2772
Victor Interactive Software,2773
Radon Labs GmbH,2774
Ubisoft Casablanca,2775
Outerlight,2776
SCEA Santa Monica Studio,2777
Playmore Corporation,2778
Digital Reality,2779
Coconuts Japan,2780
G-Artists,2781
Kouyousha,2782
Synthetic Dimensions,2783
Digital Dreams,2784
Flashpoint Games,2785
TimeGate Studios/Day 1 Studios,2786
Nickervision Studios,2787
Beenox Studios,2788
Hector,2789
Sandlot Games / Digital Embryo,2790
Shiny Entertainment,2791
System 3 Arcade Software,2792
Emotion,2793
LAN - GAMES EOOD,2794
Nintendo EAD Tokyo,2795
KCEK,2796
InterServ International,2797
"BeeWorks Co., Ltd.",2798
MinMax Games Ltd.,2799
Mirai Shounen,2800
Egosoft,2801
Capcom Production Studio 3 / Flagship,2802
Rockstar Leeds/North,2803
Netherock Ltd.,2804
"Sanuk Software Co., Ltd.",2805
SCS Software,2806
Sidhe Interactive,2807
Quantum Factory,2808
Humansoft,2809
"The Collective, Inc.",2810
Sega Europe,2811
Datam Polystar,2812
Reality Pump Studios,2813
DTP Young Entertainment,2814
Arcane Raise,2815
Invent4 Entertainment,2816
Amedio,2817
WhiteBear Studios,2818
Digitalmindsoft,2819
Piranha Games,2820
UIG Entertainment,2821
Lead Pursuit,2822
Magix,2823
Rainbow Games,2824
Remedy Entertainment,2825
SoftMax,2826
Gunnar Games,2827
High Voltage Software / Backbone Entertainment,2828
Nissimo,2829
"Corecell Technology Co.,Ltd.",2830
Armature Studio,2831
Dice,2832
Game Lab / Play First,2833
ReadySoft,2834
Arcade Moon,2835
Recom,2836
Vision Scape,2837
Ghost Town Games,2838
Shin'en,2839
Capcom?�Production?�Studio?�2,2840
Treasure,2841
Nadeo,2842
"Capcom Production Studio 4 / Nude Maker Co., Ltd.",2843
Shin'en Multimedia,2844
Awesome Productions,2845
Probe?�Entertainment?�Ltd.,2846
DreamWorks Interactive,2847
Respawn Entertainment,2848
Headfirst Productions,2849
Ludia Inc.,2850
Ndemic Creations,2851
Gevo Entertainment,2852
MileStone Inc.,2853
Pixel Tales,2854
Bombservice,2855
Lump of Sugar,2856
Amusement Vision,2857
Blade Interactive,2858
Coffee Stain Studios,2859
NCS,2860
"Tetris Online, Inc",2861
Zono Incorporated,2862
Kodiak Interactive,2863
Magical Company Ltd,2864
System 3 Software,2865
DDI,2866
"Rideon Japan, Inc.",2867
Snowblind Studios,2868
Image Epoch,2869
Bullfrog Production,2870
"eGames, Inc.",2871
Sony Computer Entertainment America,2872
Omiya Soft,2873
Roxor Games,2874
Crate Entertainment,2875
Coyote Console,2876
Front Wing,2877
ConcernedApe,2878
Kogado Studio,2879
Papaya Studios,2880
Opera House,2881
Oddworld Inhabitants,2882
"Luxoflux, Inc.",2883
Takara Tomy ARTS,2884
PopTop Software,2885
KMM Games,2886
Flight Plan,2887
Exient Entertainment,2888
Arush Entertainment,2889
The Sims Studio,2890
"Seamless Entertainment, Inc.",2891
ASCII Media Works,2892
Silicon & Synapse,2893
SIE San Diego Studio,2894
VAC,2895
XS Games,2896
Brogames,2897
Eurocom,2898
TRY Corporation,2899
ThinkOfGames,2900
Level 5/Brownie Brown,2901
Danger Close Games,2902
Cave,2903
Q Entertainment / Phantagram / FeelPlus,2904
OutLook Entertainment,2905
Natsume Atari,2906
Pseudo Interactive,2907
UFO Interactive,2908
Creative Office,2909
Complie,2910
Oxygen Interactive,2911
Murudai,2912
Hangar 13,2913
Page 44 Studios,2914
Adrenalin Entertainment,2915
2K Australia / 2K Boston,2916
Konami Computer Entertainment Nagoya,2917
Arrowhead Game Studios,2918
Tokyo RPG Factory,2919
Tranji,2920
Capcom/Disney,2921
Minds-Eye,2922
"Sound Source Interactive, Inc.",2923
Rockstar Toronto / Leeds,2924
Namco,2925
Tate Interactive,2926
Bullets,2927
Nival Interactive,2928
EA,2929
Ellipse Studios,2930
Cooking Mama Limited,2931
H2O Entertainment,2932
Plenty,2933
Atelier Double,2934
GenePool,2935
PlayV,2936
Aterdux Entertainment,2937
Minato Station,2938
Playsport Games,2939
WeirdBeard,2940
Happinet,2941
London Studios,2942
Hemisphere Games,2943
Rising Star Games,2944
"Iwasaki Electronics Co., Ltd.",2945
Deck13 Hamburg,2946
Lizardcube,2947
"Paradigm Entertainment, Electronic Arts",2948
Lucky Chicken,2949
Universomo,2950
Artifex Mundi sp. z o.o.,2951
Cuve Games,2952
369 Interactive,2953
Kalisto Entertainment,2954
Black Eye Games,2955
ChaYoWo Games,2956
Blue Omega Entertainment,2957
Victor Interactive,2958
Black Lime Studio,2959
Maximum Family Games,2960
Bitfield GmbH,2961
Grizlikyt,2962
Warashi Inc.,2963
Gray Matter Studios,2964
ORiGO Games,2965
Awesome Studios,2966
Media Rings,2967
Lancarse,2968
Brownie Brown / HAL Laboratory / Nintendo SPD Production Group No. 3,2969
1C: Maddox Games,2970
Screenlife Games,2971
Grimlore Games,2972
Cats Who Play,2973
Plukit,2974
Just1337 Studio,2975
3DO,2976
HipSoft,2977
Wide Games,2978
Altar Interactive,2979
Animation Arts,2980
Eat Sleep Play,2981
Almanic Corp.,2982
Pixel Crow,2983
Code Monkeys,2984
DTP Entertainment,2985
Next Wave Team,2986
KID Corporation,2987
Full Fat,2988
Gameness Art Software,2989
Media Molecule,2990
Number None Inc.,2991
BottleRocket,2992
Big Blue Bubble Inc.,2993
Dream On Studio,2994
Ultravision,2995
Banpresto,2996
Terry Cavanagh,2997
Buzz Monkey / Crystal Dynamics,2998
Traveller's Tales / Heavy Iron Studios,2999
Eidetic,3000
Societe Pollene,3001
Gakken,3002
Enigma Software Productions,3003
Terraglyph Interactive Studios,3004
Black Hole Entertainment,3005
Blue Monkey Studios,3006
Bandai Namco Games,3007
RED Entertainment,3008
Razorback Developments,3009
Dingo Inc.,3010
Nextech,3011
Sandlot Games,3012
Global A Entertaiment,3013
The Adventure Company,3014
Armor Project / Think Garage,3015
Hearty Robin,3016
MediaWorks,3017
QLOC,3018
Naarassusi Game,3019
ITE Media,3020
Mediatonic Ltd.,3021
Climax,3022
Retro Studios,3023
FDI,3024
Aki Corp,3025
"Origin Systems, Inc.",3026
Big Head Games,3027
InLight Entertainment,3028
Key17 Games,3029
EA Seattle,3030
Planet Interactive,3031
THQ Digital Phoenix,3032
Behaviour Studios,3033
Konami / Eighting,3034
Yuke's,3035
"GignoSystem Japan, Inc.",3036
SevenOne Intermedia,3037
2K Boston / 2K Australia / 2K Marin,3038
Alientrap Games Inc,3039
Racjin,3040
Kojima Productions,3041
Supergiant Games,3042
Technos Japan Corporation,3043
Asobo Studio,3044
"Strategic Simulations, Inc.",3045
"Crackpot Entertainment / Creat Studios, Inc.",3046
Pack-In Video,3047
"Konami Computer Entertainment America, Inc. Honolulu Studio",3048
USM,3049
Zig Zag,3050
Rusell,3051
Midway?�Studios?�San?�Diego,3052
ShadowRage,3053
Spellbound Entertainment,3054
CD Projekt Red Studio,3055
